<?xml version="1.0" encoding="UTF-8" standalone="yes"?>
<addon id="plugin.audio.paradiseradio" name="Paradise Radio" version="0.0.1" provider-name="Patrick De Lange">
  <requires>
    <import addon="xbmc.python" version="2.1.0"/>
  </requires>
  <extension point="xbmc.python.pluginsource" library="default.py">
        <provides>audio</provides>
  </extension>
  <extension point="xbmc.addon.metadata">
    <summary lang="en">Paradise Radio</summary>
    <description lang="en">Paradise Radio More Music</description>
    <platform>all</platform>
    <language>en</language>
    <license>GNU GENERAL PUBLIC LICENSE. Version 2, June 1991</license>
    <forum></forum>
    <website>http://www.paradiseradio.org</website>
    <source></source>
    <email></email>
  </extension>
</addon>
