<?xml version="1.0" encoding="UTF-8"?>
<addon
  id="skin.dss.dctv"
  version="1.0.0"
  name="DSS Skin"
  provider-name="DSS">
  <requires>
    <import addon="xbmc.gui" version="5.3.0"/>
	<import addon="repository.dss" version="1.0.1"/>
  </requires>
  <extension
    point="xbmc.gui.skin"
    defaultthemename="textures.xbt"
    debugging="false"
    effectslowdown="0.75">
    <res width="1280" height="720" aspect="16:9" default="true" folder="720p" />
  </extension>
  <extension point="xbmc.addon.metadata">
    <summary>DSS</summary>
    <platform>all</platform>

    <website>http://www.dutchsportstreams.com</website>
  </extension>
</addon>
