<?xml version="1.0" encoding="UTF-8" standalone="yes"?>
<addon id="plugin.video.janlultv" name="Janlul TV" version="1.0.1" provider-name="DSS">
  <requires>
    <import addon="xbmc.python" version="2.1.0"/>
  </requires>
  <extension point="xbmc.python.pluginsource" library="default.py">
        <provides>video</provides>
  </extension>
  <extension point="xbmc.addon.metadata">
    <summary lang="en"></summary>
    <description lang="en"></description>
    <platform>all</platform>
  </extension>
</addon>
