﻿<?xml version="1.0" encoding="UTF-8" standalone="yes"?>
	<addon id="script.skin.helper.service" name="Skin Helper Service" version="1.0.20" provider-name="marcelveldt">
	<requires>
		<import addon="xbmc.python" version="2.13.0"/>
		<import addon="xbmc.addon" version="12.0.0"/>
		<import addon="script.module.pil" version="1.1.7"/>
		<import addon="script.module.requests" version="2.3.0"/>
        <import addon="script.module.simplejson" version="3.3.0"/>
	</requires>
	
    <extension point="xbmc.python.library" library="default.py" />
	<extension point="xbmc.python.pluginsource" library="plugin.py">
		<provides>video</provides>
	</extension>
	<extension library="service.py" point="xbmc.service" start="login" />
	<extension point="kodi.context.item" library="contextmenu_serieslevel.py">
		<item>
			<label>32072</label>
            <description>Display Series level button in next/recent/in progress episodes listings</description>
			<visible>Container.Content(episodes) + [!Substring(Container.FolderPath,videodb://tvshows/titles,left) | Substring(Container.FolderPath,xsp=)] + [[!IsEmpty(ListItem.DBID) + !StringCompare(ListItem.DBID,-1)] | !IsEmpty(ListItem.Property(DBID))]</visible>
		</item>
	</extension>
    <extension point="kodi.context.item" library="contextmenu_artwork.py">
		<item>
			<label>32143</label>
            <description>PVR and Music artwork Configuration</description>
            <visible>[[Window.IsActive(MyPVRChannels.xml) | Window.IsActive(MyPVRGuide.xml) | Window.IsActive(MyPVRRecordings.xml) | Window.IsActive(MyPVRTimers.xml) | Window.IsActive(MyPVRSearch.xml)] + Skin.HasSetting(SkinHelper.EnablePVRThumbs)] | [Container.Content(albums) | Container.Content(artists) | Container.Content(songs)]</visible>
		</item>
	</extension>
	<extension point="xbmc.addon.metadata">
		<summary lang="en">Helper service for Kodi skins</summary>
        <description>Helper service for Kodi skins</description>
		<language></language>
		<platform>all</platform>
		<license>GPL v2.0</license>
		<forum></forum>
		<website></website>
		<source></source>
	</extension>
</addon>