<?xml version="1.0" encoding="UTF-8"?>
<colors>
	<color name="whitezero">FFF1F1F1</color>
	<color name="greyzero">FFb4b4b4</color>
	<color name="grey2zero">FF999999</color>
	<color name="grey3zero">FF505050</color>
	<color name="blackzero">FF000000</color>
	<color name="bluezero">FF0084ff</color>
	
	<color name="white">FFF1F1F1</color>
	<color name="grey">FFb4b4b4</color>
	<color name="grey2">FF999999</color>
	<color name="grey3">FF505050</color>
	<color name="black">FF000000</color>
	<color name="blue">FFDB2B0C</color>
	<color name="selected">FFEB9E17</color>
	<color name="invalid">FFFF0000</color>

	<color name="customcolor1">FF971919</color><!-- white -->
	<color name="customcolor2">FFb4b4b4</color><!-- grey -->
	<color name="customcolor3">FF999999</color><!-- grey2 -->
	<color name="customcolor4">FFDB2B0C</color><!-- grey3 -->
	<color name="customcolor5">FF000000</color><!-- black -->
	<color name="customcolor6">FF971919</color><!-- blue -->
	
	<color name="cchhomebtn1">FF303030</color><!-- HomeScreen Button NoFocus - darkgrey -->
	<color name="cchhomebtn2">ff971919</color><!-- HomeScreen Button Focus - tan -->
	<color name="cchhomebtni">FFDB2B0C</color><!-- HomeScreen Button Icon - Kryptonite -->
	<color name="folderfocus">FFDB2B0C</color><!-- Folder Container Image - Kryptonite -->
	
	<color name="busybg">FFDB2B0C</color><!-- Busy Dialog Background - Kryptonite -->
	<color name="busyspin">ff53c500</color><!-- Busy Dialog Spinner - tan -->
	<color name="busybar">ff53c500</color><!-- Busy Dialog Spinner - tan -->
	<color name="btnfo">FFDB2B0C</color><!-- Button Focus - tan -->
	<color name="btnnf">FFDB2B0C</color><!-- Button NoFocus - Kryptonite -->
	<color name="codec1">ff53c500</color><!-- Codec Images - tan -->
	<color name="vidbarcache">ff53c500</color><!-- Video Progress Bar Cache - tan -->
	<color name="progbarbg">FFDB2B0C</color><!-- Progress Bar Background - Kryptonite -->
	<color name="progbarmid">FF303030</color><!-- Progress Bar Mid - darkgrey -->
	<color name="volumeicon">ff53c500</color><!-- Volume Icon - tan -->
	<color name="sliderexbg">ff53c500</color><!-- SliderEx Background - tan -->
	<color name="sliderexnib">FFDB2B0C</color><!-- SliderEx Nib - Kryptonite -->
	
</colors>