<?xml version="1.0" encoding="UTF-8" standalone="yes"?>
<addon id="plugin.video.cloudtv" name="Cloud TV" version="1.5" provider-name="CloudTV">
<requires>
    <import addon="xbmc.python" version="2.1.0" />
</requires>
<extension point="xbmc.python.pluginsource" library="default.py">
		<provides>video</provides>
	</extension>
	<extension  point="xbmc.addon.metadata">
		<summary lang="nl">Cloud Tv op uw XBMC / Kodi.</summary>
		<description lang="nl">Met deze plugin is het mogelijk om streams van Cloud TV te kijken.[CR]Een Catogorie beheren laat het weten via facebook.</description>
		<platform>all</platform>
		<website></website>
	</extension>
</addon>
