<?xml version='1.0' encoding='UTF-8'?>
<shortcuts>
    <shortcut>
        <label2>Episode Hub Shortcut</label2>
        <label>20343</label>
        <action>ActivateWindow(Videos,TvShowTitles,return)</action>
        <icon>special://skin/extras/icons/tv.png</icon>
    </shortcut>
	
	<shortcut>
        <label2>Episode Hub Shortcut</label2>
        <label>Genre</label>            
        <action>ActivateWindow(10025,&quot;plugin://plugin.video.genesis/?action=tvGenres&quot;,return)</action>
        <icon>special://skin/extras/icons/genre.png</icon>
    </shortcut>
	  <shortcut>
        <label2>Episode Hub Shortcut</label2>
        <label>Jaar</label>            
        <action>ActivateWindow(10025,&quot;plugin://plugin.video.genesis/?action=tvYears&quot;,return)</action>
        <icon>special://skin/extras/icons/year.png</icon>
    </shortcut>
    <shortcut>
        <label2>Episode Hub Shortcut</label2>
        <label>Netwerk</label>
        <action>ActivateWindow(10025,&quot;plugin://plugin.video.genesis/?action=tvNetworks&quot;,return)</action>
        <icon>special://skin/extras/icons/network.png</icon>
    </shortcut>
	
    <shortcut>
        <label2>Episode Hub Shortcut</label2>
        <label>Nieuwe Series</label>
        <action>ActivateWindow(10025,&quot;plugin://plugin.video.genesis/?action=tvshows&amp;url=premiere&quot;,return)</action>
        <icon>special://skin/extras/icons/recentlyadded.png</icon>
    </shortcut>
	   <shortcut>
        <label2>Episode Hub Shortcut</label2>
        <label>Zoek Acteur</label>
        <action>ActivateWindow(10025,&quot;plugin://plugin.video.genesis/?action=tvPerson&quot;,return)</action>
        <icon>special://skin/extras/icons/search.png</icon>
    </shortcut>
	
    <shortcut>
        <label2>Episode Hub Shortcut</label2>
        <label>Zoek</label>
        <action>ActivateWindow(10025,&quot;plugin://plugin.video.genesis/?action=tvSearch&quot;,return)</action>
        <icon>special://skin/extras/icons/search.png</icon>
    </shortcut>
 
</shortcuts>
