<?xml version="1.0" encoding="UTF-8" standalone="yes"?>
<addon id="script.dssinstaller"
       name="DSS Updates"
       version="1.0.0"
       provider-name="DSS">
  <requires>
    <import addon="xbmc.python" version="2.1.0"/>
  </requires>
  <extension point="xbmc.python.pluginsource"
            library="default.py">
		<provides>executable</provides>
  </extension>
  <extension point="xbmc.addon.metadata">
      <summary lang="en">DSS Updates</summary>
      <description lang="en">Updates voor DSS</description>
      <license>GNU GENERAL PUBLIC LICENSE. Version 2, June 1991</license>
  </extension>
</addon>
