<?xml version="1.0" encoding="UTF-8" standalone="yes"?>
<addon id="plugin.program.dssinstaller" name="DSS Installer" version="1.0.1" provider-name="DSS">
  <requires>
    	<import addon="xbmc.python" version="2.1.0"/>
	<import addon="script.module.addon.common" />
	<import addon="repository.dss" />
  </requires>
  <extension point="xbmc.python.pluginsource" library="default.py">
        <provides>executable</provides>
  </extension>
  <extension point="xbmc.addon.metadata">
    <summary lang="en">DSS Installer</summary>
    <description lang="en">Installeer de build van DSS</description>
    <platform>all</platform>
  </extension>
</addon>
