<?xml version="1.0" encoding="UTF-8"?>
<window>
    <defaultcontrol always="true">10</defaultcontrol>
    <controls>
        <include>GlobalOverlay</include>
        <control type="group">
            <top>210</top>
            <bottom>64</bottom>
            <left>530</left>
            <right>530</right>
            <include>Animation_SlideIn</include>
            <include>Animation_FadeOut</include>
            <animation effect="slide" tween="quadratic" easing="out" time="300" start="0,1920" end="0">WindowOpen</animation>
            <animation effect="slide" tween="quadratic" easing="in" time="300" end="0,1920" start="0">WindowClose</animation>
            <include>Dialog_Background</include>
            <control type="group">
                <top>70</top>
                <left>side</left>
                <right>side</right>
                <height>height</height>
                <control type="group">
                    <include name="Object_Line">
                        <param name="width" value="820" />
                        <param name="label" value="10128" />
                    </include>
                    <control type="grouplist" id="5">
                        <width>100%</width>
                        <height>100%</height>
                        <itemgap>0</itemgap>
                        <ondown>8000</ondown>
                        <orientation>vertical</orientation>
                        <control type="spincontrolex" id="10">
                            <align>left</align>
                            <label>1008</label>
                            <textoffsetx>30</textoffsetx>
                            <width>100%</width>
                            <include>Defs_OptionButton</include>
                        </control>
                        <control type="edit" id="11">
                            <width>100%</width>
                            <textoffsetx>30</textoffsetx>
                            <include>Defs_OptionButton</include>
                        </control>
                        <control type="button" id="12">
                            <label>1024</label>
                            <width>100%</width>
                            <textoffsetx>30</textoffsetx>
                            <include>Defs_OptionButton</include>
                        </control>
                        <control type="edit" id="16">
                            <width>100%</width>
                            <textoffsetx>30</textoffsetx>
                            <include>Defs_OptionButton</include>
                        </control>
                        <control type="edit" id="13">
                            <width>100%</width>
                            <textoffsetx>30</textoffsetx>
                            <label>1013</label>
                            <include>Defs_OptionButton</include>
                        </control>
                        <control type="edit" id="14">
                            <width>100%</width>
                            <textoffsetx>30</textoffsetx>
                            <label>1014</label>
                            <include>Defs_OptionButton</include>
                        </control>
                        <control type="edit" id="15">
                            <width>100%</width>
                            <textoffsetx>30</textoffsetx>
                            <label>15052</label>
                            <include>Defs_OptionButton</include>
                        </control>
                    </control>
                </control> 
            </control>
            <control type="grouplist" id="8000">
                <centerleft>50%</centerleft>
                <width>1240</width>
                <bottom>side</bottom>
                <height>69</height>
                <align>center</align>
                <itemgap>20</itemgap>
                <onup>5</onup>
                <ondown>20</ondown>
                <orientation>horizontal</orientation>
                <control type="button" id="18">
                    <align>center</align>
                    <width>400</width>
                    <label>186</label>
                    <include>Defs_OptionButton</include>
                </control>
                <control type="button" id="19">
                    <align>center</align>
                    <width>400</width>
                    <label>222</label>
                    <include>Defs_OptionButton</include>
                </control>
            </control>
        </control>



    </controls>

</window>