<?xml version="1.0" encoding="UTF-8"?>
<window>
    <backgroundcolor>Background</backgroundcolor>
    <menucontrol>9000</menucontrol>
    <defaultcontrol>50</defaultcontrol>
    <views>51,52,50</views>
    <controls>
        <include>Furniture_Background</include>
        <include>Furniture_RSS</include>
        <include>Furniture_TopBar</include>
        
        <include>PVR_List</include>
        <include name="PVR_SmallList">
            <param name="id" value="51" />
        </include>
        <include name="PVR_WideList">
            <param name="id" value="52" />
        </include>

        <include>PVR_Menu</include>
    </controls>

</window>