<?xml version="1.0" encoding="UTF-8"?>
<window>
    <allowoverlay>no</allowoverlay>
    <zorder>1</zorder>
    <controls>
        <control type="group">
            <include>Animation.FadeIn</include>
            <include>Animation.FadeOut</include>
            <control type="group">
    
                <control type="group">
                    <top>200</top>
                    <bottom>180</bottom>
                    <width>100%</width>
                    
                    <!-- ** Required ** Do not change <id> or <type> (Smooth scrolling list for lyrics) -->
                    <control type="list" id="110">
                        <left>100</left>
                        <right>100</right>
                        <top>0</top>
                        <bottom>0</bottom>
                        <onleft>101</onleft>
                        <onright>101</onright>
                        <onup>110</onup>
                        <ondown>110</ondown>
                        <pagecontrol>111</pagecontrol>
                        <scrolltime>200</scrolltime>
                        <itemlayout height="100" width="1720">
                            <control type="label">
                                <width>100%</width>
                                <align>center</align>
                                <selectedcolor>$VAR[HighlightColor2]</selectedcolor>
                                <info>ListItem.Label</info>
                                <font>Font-ListInfo</font>
                            </control>
                        </itemlayout>
                        <focusedlayout height="100" width="1720">
                            <control type="label">
                                <width>100%</width>
                                <align>center</align>
                                <textcolor>$VAR[HighlightColor2]</textcolor>
                                <selectedcolor>$VAR[HighlightColor2]</selectedcolor>
                                <info>ListItem.Label</info>
                                <font>Font-WidgetInfoTitle</font>
                            </control>
                        </focusedlayout>
                    </control>
                    <!-- ** Required ** Do not change <id> or <type> (Song Chooser if it gets it wrong) -->
                    <control type="list" id="120">
                        <left>100</left>
                        <right>100</right>
                        <top>SidePad</top>
                        <bottom>30</bottom>
                        <onleft>111</onleft>
                        <onright>111</onright>
                        <onup>110</onup>
                        <ondown>110</ondown>
                        <pagecontrol>111</pagecontrol>
                        <scrolltime>200</scrolltime>
                        <itemlayout height="50">
                            <control type="label">
                                <width>1720</width>
                                <selectedcolor>$VAR[HighlightColor2]</selectedcolor>
                                <info>ListItem.Label</info>
                            </control>
                        </itemlayout>
                        <focusedlayout height="50">
                            <control type="label">
                                <width>1720</width>
                                <textcolor>$VAR[HighlightColor2]</textcolor>
                                <selectedcolor>$VAR[HighlightColor2]</selectedcolor>
                                <info>ListItem.Label</info>
                            </control>
                        </focusedlayout>
                    </control>
                    
                    <control type="label" id="200">
                        <description>Scraper label</description>
                        <visible>false</visible>
                    </control>
                
                </control>
              
            </control>
       
        </control>
    </controls>
</window>
