<?xml version="1.0" encoding="UTF-8"?>
<window type="dialog">
    <defaultcontrol always="true">9401</defaultcontrol>
    

    <controls>
        <control type="list" id="100">
            <posx>-10</posx>
            <posy>-10</posy>
            <width>1</width>
            <height>1</height>
            <visible>false</visible>
            <itemlayout width="1" height="1"/>
            <focusedlayout width="1" height="1"/>
        </control>

        <control type="button" id="9401">
            <visible allowhiddenfocus="true">false</visible>
            <onfocus condition="Control.IsVisible(110) | Control.IsVisible(120) | Control.IsVisible(140)">AlarmClock(blerg,SetFocus(9402),00:01,silent)</onfocus>
            <onfocus condition="![Control.IsVisible(110) | Control.IsVisible(120) | Control.IsVisible(140)]">Action(Close)</onfocus>
        </control>
        <control type="button" id="9402">
            <visible allowhiddenfocus="true">false</visible>
            <onfocus>Action(Close)</onfocus>
            <onfocus condition="Control.IsVisible(110)">RunScript(script.extendedinfo,info=extendedinfo,name=$INFO[Container(100).ListItem.Label])</onfocus>
            <onfocus condition="Control.IsVisible(120)">RunScript(script.extendedinfo,info=extendedtvinfo,name=$INFO[Container(100).ListItem.Label])</onfocus>
            <onfocus condition="Control.IsVisible(140)">RunScript(script.extendedinfo,info=extendedtvinfo,name=$INFO[Container(100).ListItem.Property(TvShowTitle)])</onfocus>
        </control>

        <control type="group">
            <control type="group" id="110">              
            </control>
            <control type="group" id="120">
            </control>
            <control type="group" id="130">
            </control>
            <control type="group" id="140">
            </control>
            <control type="group" id="150">
            </control>
            <control type="group" id="160">
            </control>
            <control type="group" id="170">
            </control>
            <control type="group" id="180">
            </control>
            <control type="group" id="200">
            </control>
            <control type="button" id="191"><visible>false</visible></control>
            <control type="button" id="192"><visible>false</visible></control>
            <control type="button" id="193"><visible>false</visible></control>
        </control>
    </controls>

</window>
