<?xml version='1.0' encoding='UTF-8'?>
<shortcuts>

    <shortcut>
        <label>TV NL</label>
        <label2>Movie Hub Shortcut</label2>
        <action>ActivateWindow(10025,&quot;plugin://plugin.video.cloudtv/?mode=1&amp;url=http%3a%2f%2fpastebin.com%2fraw.php%3fi%3dsCqW0Ura&quot;,return)</action>
        <icon>special://skin/extras/icons/dctv.png</icon>
    </shortcut>
    <shortcut>
        <label>TV International</label>
        <label2>Movie Hub Shortcut</label2>
        <action>ActivateWindow(10025,&quot;plugin://plugin.video.cloudtv/?mode=1&amp;url=http%3a%2f%2fpastebin.com%2fraw.php%3fi%3dzUCn68k3&quot;,return)</action>
        <icon>special://skin/extras/icons/dctv.png</icon>
    </shortcut>
    
    <shortcut>
        <label>NL Youtube Kanalen</label>
        <label2>Movie Hub Shortcut</label2>
        <action>ActivateWindow(10025,&quot;plugin://plugin.video.cloudtv/?mode=1&amp;url=http%3a%2f%2fpastebin.com%2fraw.php%3fi%3dn4mvGnbb&quot;,return)</action>
        <icon>special://skin/extras/icons/dctv.png</icon>
    </shortcut>
    <shortcut>
        <label>Dutch Radio</label>
        <label2>Movie Hub Shortcut</label2>
        <action>ActivateWindow(10025,&quot;plugin://plugin.video.cloudtv/?mode=1&amp;url=http%3a%2f%2fpastebin.com%2fraw.php%3fi%3ddgh8PKUx&quot;,return)</action>
        <icon>special://skin/extras/icons/dctv.png</icon>
    </shortcut>
    
    <shortcut>
        <label>DutchSportStreams</label>
        <label2>Movie Hub Shortcut</label2>
        <action>ActivateWindow(10025,&quot;plugin://plugin.video.cloudtv/?mode=1&amp;url=http%3a%2f%2fpastebin.com%2fraw.php%3fi%3dmZewB5nz&quot;,return)</action>
        <icon>special://skin/extras/icons/dctv.png</icon>
    </shortcut>
    <shortcut>
        <label>BVLS2016</label>
        <label2>Movie Hub Shortcut</label2>
        <action>ActivateWindow(10025,&quot;plugin://plugin.video.cloudtv/?mode=1&amp;url=http%3a%2f%2fpastebin.com%2fraw.php%3fi%3dnJ8gptcw&quot;,return)</action>
        <icon>special://skin/extras/icons/dctv.png</icon>
    </shortcut>
    <shortcut>
        <label>Word Wide Sport</label>
        <label2>Movie Hub Shortcut</label2>
        <action>ActivateWindow(10025,&quot;plugin://plugin.video.cloudtv/?mode=1&amp;url=http%3a%2f%2fpastebin.com%2fraw.php%3fi%3dEVRSztsH&quot;,return)</action>
        <icon>special://skin/extras/icons/dctv.png</icon>
    </shortcut>
    <shortcut>
        <label>Ace Streams</label>
        <label2>Movie Hub Shortcut</label2>
        <action>ActivateWindow(10025,&quot;plugin://plugin.video.cloudtv/?mode=1&amp;url=http%3a%2f%2fpastebin.com%2fraw.php%3fi%3dVWLSU0Cq&quot;,return)</action>
        <icon>special://skin/extras/icons/dctv.png</icon>
    </shortcut>
    <shortcut>
        <label>Music TV</label>
        <label2>Movie Hub Shortcut</label2>
        <action>ActivateWindow(10025,&quot;plugin://plugin.video.cloudtv/?mode=1&amp;url=http%3a%2f%2fpastebin.com%2fraw.php%3fi%3diNczAusZ&quot;,return)</action>
        <icon>special://skin/extras/icons/dctv.png</icon>
    </shortcut>

    <shortcut>
        <label>Private Policy</label>
        <label2>Movie Hub Shortcut</label2>
        <action>ActivateWindow(10025,&quot;plugin://plugin.video.cloudtv/?mode=45&amp;name=Privacy%20Policy&amp;url=Privacy%20Policy&quot;,return)</action>
        <icon>special://skin/extras/icons/warning.png</icon>
    </shortcut>
    <shortcut>
        <label>News</label>
        <label2>Movie Hub Shortcut</label2>
        <action>ActivateWindow(10025,&quot;plugin://plugin.video.cloudtv/?mode=46&amp;name=Nieuws&amp;url=Nieuws&quot;,return)</action>
        <icon>special://skin/extras/icons/newspaper.png</icon>
    </shortcut>
	<shortcut>
        <label>Search</label>
        <label2>Movie Hub Shortcut</label2>
        <action>ActivateWindow(10025,&quot;plugin://plugin.video.cloudtv/?mode=40&amp;name=Search&amp;url=Search&quot;,return)</action>
        <icon>special://skin/extras/icons/search.png</icon>
    </shortcut>
</shortcuts>
